Lake,Experiment,Treatment,Enclosure,community,ID,mean_J,mean_s,mean_ENS_D,final_stab,initial_stab,rate_change_ort,rate_change_oti,mean_zoop_biomass,initial_zoop_body_size,mean_TP,mean_TN,mean_DOC,mean_PAR,mean_Temp,mean_Chla,mean_TN_TP_ratio,mean_DN_TP_ratio
Bolmen,Spring,F,11,phyto,Bolmen_Spring_F_11_phyto,0.76380986731155,56.333333333333336,11.559934137314858,0.176507902493426,-0.167322761625127,0.33307553753975,-0.0506317911126247,NA,NA,14.344999999999999,0.29925,9.373999999999999,265.3333333333333,17.316666666666666,1.95744,0.02078078004761474,0.012644622745802529
Bolmen,Spring,F,11,zoopl,Bolmen_Spring_F_11_zoopl,0.5605092067124272,8.833333333333334,3.2581118188876017,-0.590777883757567,-0.362752833983587,-0.14396455791545,-0.258018415847783,20.741599256490936,0.605276529142228,14.344999999999999,0.29925,9.373999999999999,265.3333333333333,17.316666666666666,1.95744,0.02078078004761474,0.012644622745802529
Bolmen,Spring,F,13,phyto,Bolmen_Spring_F_13_phyto,0.757915907972399,70.66666666666667,13.932395395636165,0.176507902493426,0.145211472623104,-0.0286897336559934,-0.0693694227029287,NA,NA,16.451666666666668,0.34208333333333335,10.085,182.83333333333334,17.27166666666667,2.26305,0.02193502933721547,0.014216396550347631
Bolmen,Spring,F,13,zoopl,Bolmen_Spring_F_13_zoopl,0.48516659383415117,7.5,2.5544730531012183,-1.3690806821173,-1.76985248965086,0.0388962191761933,-0.326309860764063,20.179566030837734,0.563886729282265,16.451666666666668,0.34208333333333335,10.085,182.83333333333334,17.27166666666667,2.26305,0.02193502933721547,0.014216396550347631
Bolmen,Spring,F,2,phyto,Bolmen_Spring_F_2_phyto,0.7134156526362406,54.166666666666664,8.894637241312946,-0.216096837871577,0.219054535428043,0.278286398534004,-0.226330539687612,NA,NA,18.088333333333335,0.41635,9.821,193,17.096666666666668,2.278515,0.023730961210408852,0.017059296552688622
Bolmen,Spring,F,2,zoopl,Bolmen_Spring_F_2_zoopl,0.4992626054497488,8.5,2.6302452354485815,-0.165249374442842,-0.482195990176179,0.276608320842485,-0.0768196308383332,31.668687800498063,0.494120812361924,18.088333333333335,0.41635,9.821,193,17.096666666666668,2.278515,0.023730961210408852,0.017059296552688622
Bolmen,Spring,F,8,phyto,Bolmen_Spring_F_8_phyto,0.7297511821365563,52,9.794110792874081,0.174328131111742,0.0575735945712189,-0.201853348377734,-0.0862762295692472,NA,NA,15.085,0.36053999999999997,9.511,423.3333333333333,17.25,1.88634,0.02410572264409104,0.011847776511110493
Bolmen,Spring,F,8,zoopl,Bolmen_Spring_F_8_zoopl,0.5365584688511547,8.333333333333334,2.8092418709552,-0.582953991171161,-0.603553243042354,-0.127358334336976,-0.327587925658603,23.58156156138638,0.508047016700152,15.085,0.36053999999999997,9.511,423.3333333333333,17.25,1.88634,0.02410572264409104,0.011847776511110493
Bolmen,Spring,FS,15,phyto,Bolmen_Spring_FS_15_phyto,0.7609133246354982,54.833333333333336,11.662355149387576,0.67295662241885,0.441500218720144,-0.225147855057056,-0.230118666992295,NA,NA,14.965,0.34655,9.539000000000001,167.5,17.4,2.823255,0.02335284636407538,0.013293701943212175
Bolmen,Spring,FS,15,zoopl,Bolmen_Spring_FS_15_zoopl,0.584261932724878,8.166666666666666,3.0123550993306365,-0.55955263313495,-0.824499048869784,0.167689570808916,-0.356082706415408,23.375008876104605,0.539036119948493,14.965,0.34655,9.539000000000001,167.5,17.4,2.823255,0.02335284636407538,0.013293701943212175
Bolmen,Spring,FS,4,phyto,Bolmen_Spring_FS_4_phyto,0.718921831343953,57.666666666666664,9.862936215446723,1.2227657546701,0.244359128893156,-0.801103967447564,-0.395633152388254,NA,NA,17.26,0.36291666666666667,9.9805,163.83333333333334,17.291666666666668,2.517525,0.021880360784655026,0.012882241880116187
Bolmen,Spring,FS,4,zoopl,Bolmen_Spring_FS_4_zoopl,0.42693984383861466,7.833333333333333,2.0720720641085966,-0.197752084745867,-1.21685816861652,0.61728747406082,-0.0255569655355251,28.56622102124287,0.52371872980934,17.26,0.36291666666666667,9.9805,163.83333333333334,17.291666666666668,2.517525,0.021880360784655026,0.012882241880116187
Bolmen,Spring,FS,6,phyto,Bolmen_Spring_FS_6_phyto,0.7273961260752808,60,11.263540899639557,1.33008311843287,0.496788645878225,-0.708400171089727,-0.503612067457428,NA,NA,16.23,0.3597166666666667,9.6935,179.33333333333334,17.296666666666667,3.34815,0.022679711869650496,0.012740642161652235
Bolmen,Spring,FS,6,zoopl,Bolmen_Spring_FS_6_zoopl,0.4478261922656535,8,2.4357421923693283,-0.443208499194838,-0.968769428710135,0.234034517680967,-0.0286413366825147,21.71989240847372,0.500697823006523,16.23,0.3597166666666667,9.6935,179.33333333333334,17.296666666666667,3.34815,0.022679711869650496,0.012740642161652235
Bolmen,Spring,FS,9,phyto,Bolmen_Spring_FS_9_phyto,0.7546848816769248,68.83333333333333,13.682699703425353,0.454404447398154,0.314533881081286,-0.179686881847481,-0.224054333405176,NA,NA,16.505,0.35186666666666666,9.229,125,17.3,2.9609550000000002,0.021468252178098467,0.011295455620182531
Bolmen,Spring,FS,9,zoopl,Bolmen_Spring_FS_9_zoopl,0.5334487039463638,7.333333333333333,2.7769084907615,-0.64691184726338,-1.00693464354535,0.358452523969224,-0.224893839372568,23.635531713105088,0.50837410577888,16.505,0.35186666666666666,9.229,125,17.3,2.9609550000000002,0.021468252178098467,0.011295455620182531
Bolmen,Spring,S,12,phyto,Bolmen_Spring_S_12_phyto,0.6859271418555908,62.333333333333336,8.640576925363165,0.174328131111742,-0.37302744516891,0.465776942663861,-0.0480985459996206,NA,NA,13.708333333333334,0.34475,9.7315,144,17.363333333333333,2.143245,0.025248264423490544,0.013632398783193354
Bolmen,Spring,S,12,zoopl,Bolmen_Spring_S_12_zoopl,0.5653766440750398,9.166666666666666,2.843793026763467,-0.47657601931845,0.0913975798244705,-0.420181327347763,-0.233327625472301,38.86141846553437,0.414647603433318,13.708333333333334,0.34475,9.7315,144,17.363333333333333,2.143245,0.025248264423490544,0.013632398783193354
Bolmen,Spring,S,14,phyto,Bolmen_Spring_S_14_phyto,0.7070079595850244,57,9.474858171539216,0.217568172673136,0.196013580003791,0.045067796825125,-0.0143916932111061,NA,NA,14.993333333333332,0.33504999999999996,9.4245,119.5,17.383333333333333,2.522265,0.02232057303623871,0.011552432468308223
Bolmen,Spring,S,14,zoopl,Bolmen_Spring_S_14_zoopl,0.6151101337172773,9.5,3.5021565295115233,0.076676266534676,0.281148871751297,0.157445489524893,-0.189464456174149,37.40609510165837,0.471762389632378,14.993333333333332,0.33504999999999996,9.4245,119.5,17.383333333333333,2.522265,0.02232057303623871,0.011552432468308223
Bolmen,Spring,S,3,phyto,Bolmen_Spring_S_3_phyto,0.6879617002024498,58.666666666666664,9.42388399843269,-0.212877663134096,-0.37302744516891,0.0344957696560744,-0.108540733409657,NA,NA,16.12333333333333,0.39631666666666665,9.509,182.5,17.21666666666667,1.99068,0.024739078609282122,0.013820743269578831
Bolmen,Spring,S,3,zoopl,Bolmen_Spring_S_3_zoopl,0.5066362933308145,8.333333333333334,2.8738995928738285,0.698795481160183,-0.414994847447851,1.01997113144478,-0.243009531430632,46.26014706597512,0.566780615310866,16.12333333333333,0.39631666666666665,9.509,182.5,17.21666666666667,1.99068,0.024739078609282122,0.013820743269578831
Bolmen,Spring,S,5,phyto,Bolmen_Spring_S_5_phyto,0.6932246202274773,62.166666666666664,10.107198604017286,0.647112403588255,0.0837901077202206,0.314454018237952,-0.304808139864173,NA,NA,15.816666666666666,0.35835,9.5765,105.83333333333333,17.266666666666666,2.6504849999999998,0.022967653798902955,0.010739332767695467
Bolmen,Spring,S,5,zoopl,Bolmen_Spring_S_5_zoopl,0.5064636891981344,8.666666666666666,3.0560775572838534,0.54621104750299,0.35031336030518,0.367040728181694,-0.543051509182123,40.7749709320143,0.368877470955017,15.816666666666666,0.35835,9.5765,105.83333333333333,17.266666666666666,2.6504849999999998,0.022967653798902955,0.010739332767695467
Bolmen,Summer,F,11,phyto,Bolmen_Summer_F_11_phyto,0.8510503165410886,53.333333333333336,19.890557399010987,1.0355740123257,0.078286119712631,-0.676939526066379,-0.30227125942827,NA,NA,12.793333333333333,0.2857166666666667,8.4395,151.33333333333334,16.95,2.925045,0.022659406775733724,0.011725246195165621
Bolmen,Summer,F,11,zoopl,Bolmen_Summer_F_11_zoopl,0.611255041433601,9,3.6308789334695932,1.02016495994648,-0.516675116045418,1.26045527617165,-0.391370962891121,27.40369870607603,0.455441285591797,12.793333333333333,0.2857166666666667,8.4395,151.33333333333334,16.95,2.925045,0.022659406775733724,0.011725246195165621
Bolmen,Summer,F,13,phyto,Bolmen_Summer_F_13_phyto,0.8443071067674874,42.666666666666664,15.8977366915421,1.67581839717574,0.164284354703644,-0.946929702275678,-0.286693809948825,NA,NA,14.13,0.32053333333333334,8.435,124,17.016666666666666,4.118985,0.023084156194492066,0.009271321040264447
Bolmen,Summer,F,13,zoopl,Bolmen_Summer_F_13_zoopl,0.641563205360408,10.166666666666666,3.778039636841622,0.0337029455134018,-0.233582628946143,0.110336969328379,-0.0279483777978008,25.617426092338654,0.514007557893867,14.13,0.32053333333333334,8.435,124,17.016666666666666,4.118985,0.023084156194492066,0.009271321040264447
Bolmen,Summer,F,2,phyto,Bolmen_Summer_F_2_phyto,0.8142609982848968,54.666666666666664,16.634631720633394,1.64006642548218,-0.015809643062399,1.1539736091014,-0.353927047381985,NA,NA,14.19,0.3454,8.8605,152.16666666666666,16.866666666666667,3.813255,0.02431611830689895,0.010291828201831442
Bolmen,Summer,F,2,zoopl,Bolmen_Summer_F_2_zoopl,0.642131185565745,10,4.246493571770305,0.794431130016977,-0.469619347555444,0.757776788761914,-0.296667408474655,22.509092896807925,0.49863543926049,14.19,0.3454,8.8605,152.16666666666666,16.866666666666667,3.813255,0.02431611830689895,0.010291828201831442
Bolmen,Summer,F,8,phyto,Bolmen_Summer_F_8_phyto,0.7865421089237972,42.166666666666664,11.45997926121485,1.2342104620188,0.216704987155759,-0.633131827368825,-0.212175029383843,NA,NA,13.113333333333333,0.33335000000000004,8.5155,291,16.983333333333334,3.645225,0.02553098408218245,0.01091229445622206
Bolmen,Summer,F,8,zoopl,Bolmen_Summer_F_8_zoopl,0.5409669072471157,8.333333333333334,3.064736688634187,-1.46719741812486,-0.868506952653674,-0.627790848345829,-0.126709269606934,15.707336312263068,0.540277783208896,13.113333333333333,0.33335000000000004,8.5155,291,16.983333333333334,3.645225,0.02553098408218245,0.01091229445622206
Bolmen,Summer,FS,15,phyto,Bolmen_Summer_FS_15_phyto,0.730811297062631,48.166666666666664,11.629457183671827,1.84647125909308,0.512363078954962,-0.811683365612895,-0.333485917597639,NA,NA,14.355,0.32561666666666667,7.762499999999999,85.33333333333333,17.105,4.330095,0.02266989230332089,0.007403903018210166
Bolmen,Summer,FS,15,zoopl,Bolmen_Summer_FS_15_zoopl,0.7035455809141093,9.333333333333334,4.4690893509586616,0.348815673602029,-0.874764703403585,0.914948322518041,-0.236999079320497,18.66369656706341,0.401953974504054,14.355,0.32561666666666667,7.762499999999999,85.33333333333333,17.105,4.330095,0.02266989230332089,0.007403903018210166
Bolmen,Summer,FS,4,phyto,Bolmen_Summer_FS_4_phyto,0.8577228554229152,51.333333333333336,18.605317376358016,0.930288801753277,0.164478627960383,-0.508574188166824,-0.200095364363989,NA,NA,14.086666666666666,0.33740000000000003,8.0375,82.5,17.105,3.2841,0.024177301790213,0.007959826394824798
Bolmen,Summer,FS,4,zoopl,Bolmen_Summer_FS_4_zoopl,0.6988992703107102,10,4.239415589725317,0.763808354783324,-0.572779501762687,0.758078487491453,-0.0630904874261531,23.1381483973155,0.554660459260463,14.086666666666666,0.33740000000000003,8.0375,82.5,17.105,3.2841,0.024177301790213,0.007959826394824798
Bolmen,Summer,FS,6,phyto,Bolmen_Summer_FS_6_phyto,0.820676198277457,48,14.175915177307632,1.23775329277778,-0.0508759229612591,0.71698246563604,-0.310234663173728,NA,NA,13.515,0.3101,8.6885,79.33333333333333,17.09166666666667,3.887025,0.02301526055360617,0.010878508754516219
Bolmen,Summer,FS,6,zoopl,Bolmen_Summer_FS_6_zoopl,0.3544810706886142,6.833333333333333,1.8181211508439683,-6.25916812161951,-0.466074223506723,-4.31018143273471,-1.03260552866603,18.745903761880605,1.00830681516165,13.515,0.3101,8.6885,79.33333333333333,17.09166666666667,3.887025,0.02301526055360617,0.010878508754516219
Bolmen,Summer,FS,9,phyto,Bolmen_Summer_FS_9_phyto,0.8437949499207282,44.666666666666664,16.1130146686873,1.77163752362491,-0.015809643062399,1.07528060106792,-0.334566713301707,NA,NA,15.333333333333334,0.32576666666666665,8.3215,79.66666666666667,17.05,5.30244,0.021274144040428933,0.007215762273901808
Bolmen,Summer,FS,9,zoopl,Bolmen_Summer_FS_9_zoopl,0.5733900134995025,9.666666666666666,3.2277329075659016,-0.0210549188131451,-0.651308779135928,0.271383040218738,-0.212114205081732,26.20967575804791,0.568994134662123,15.333333333333334,0.32576666666666665,8.3215,79.66666666666667,17.05,5.30244,0.021274144040428933,0.007215762273901808
Bolmen,Summer,S,12,phyto,Bolmen_Summer_S_12_phyto,0.8497624118257513,37.166666666666664,12.925882751045185,1.43181294093312,-0.119946001484894,0.936545678249782,-0.341545660518979,NA,NA,12.736666666666666,0.30265000000000003,8.123,112.16666666666667,17.03333333333333,2.98566,0.023864356463613734,0.009645362530542281
Bolmen,Summer,S,12,zoopl,Bolmen_Summer_S_12_zoopl,0.6752121139673506,9.333333333333334,4.049748061953315,-0.907867914135893,-0.826183550998911,-0.186664364389152,-0.0882304247679382,18.664815880116024,0.512670900319425,12.736666666666666,0.30265000000000003,8.123,112.16666666666667,17.03333333333333,2.98566,0.023864356463613734,0.009645362530542281
Bolmen,Summer,S,14,phyto,Bolmen_Summer_S_14_phyto,0.8207502878755168,40,14.22855794267201,0.539889797948965,0.0178436295333969,0.24243331831005,-0.0206402866362579,NA,NA,12.243333333333334,0.31138333333333335,8.295,81.83333333333333,17.02166666666667,2.62737,0.02546758832052243,0.010546094817617997
Bolmen,Summer,S,14,zoopl,Bolmen_Summer_S_14_zoopl,0.7516738930826549,10.666666666666666,5.264532926833647,-0.646820049956179,0.205372647826249,-0.694815397021317,-0.124808963044211,33.59202459480395,0.610532887987733,12.243333333333334,0.31138333333333335,8.295,81.83333333333333,17.02166666666667,2.62737,0.02546758832052243,0.010546094817617997
Bolmen,Summer,S,3,phyto,Bolmen_Summer_S_3_phyto,0.839176902538715,40.833333333333336,15.840438495540468,0.67951061567638,0.189015403751579,0.348404305823264,-0.0133615984892788,NA,NA,12.653333333333332,0.3086,8.6595,69.16666666666667,16.983333333333334,2.508045,0.024370524968168404,0.01020400306524595
Bolmen,Summer,S,3,zoopl,Bolmen_Summer_S_3_zoopl,0.6146882270777978,9,3.1871011800245768,0.423630574371406,-1.25533361613888,0.807090181517573,-0.210456590571624,21.277317340345398,0.774799883493498,12.653333333333332,0.3086,8.6595,69.16666666666667,16.983333333333334,2.508045,0.024370524968168404,0.01020400306524595
Bolmen,Summer,S,5,phyto,Bolmen_Summer_S_5_phyto,0.8089656142674957,39,13.057560650750041,0.499346779983885,0.604193925578513,-0.0770960388189575,-0.0156833834375506,NA,NA,14.95,0.30361666666666665,8.531,88.83333333333333,17.1,3.2511,0.020746357259482543,0.009655404842996072
Bolmen,Summer,S,5,zoopl,Bolmen_Summer_S_5_zoopl,0.6274948441610049,11.166666666666666,3.9353375682742966,0.457604061108109,0.314213701346522,-0.0515228081793393,-0.051085027320934,43.210113578976575,0.650950050615241,14.95,0.30361666666666665,8.531,88.83333333333333,17.1,3.2511,0.020746357259482543,0.009655404842996072
Erken,Spring,F,11,phyto,Erken_Spring_F_11_phyto,0.744063835000581,17.4,5.482342148067372,0.455984266602885,0.663036059756559,0.29934868156644,-0.0422580397388772,NA,NA,14.201666666666666,0.5202,12.24,705.8333333333334,16.543333333333333,1.087605,0.03682163249229112,0.0377676257326411
Erken,Spring,F,11,zoopl,Erken_Spring_F_11_zoopl,0.635296787110748,8.833333333333334,3.54087890931194,-1.3134441938858,-1.08934012503316,-0.150147816405816,-0.276634165985394,9.383128239513503,0.336058182992969,14.201666666666666,0.5202,12.24,705.8333333333334,16.543333333333333,1.087605,0.03682163249229112,0.0377676257326411
Erken,Spring,F,13,phyto,Erken_Spring_F_13_phyto,0.7522906650057054,19,6.111646857550834,0.526435873621857,0.760724597546863,0.275317081022617,-0.114370544966269,NA,NA,15.504999999999999,0.5094,12.295,645.6666666666666,16.46333333333333,1.3417124999999999,0.03341473763129917,0.03236019393232148
Erken,Spring,F,13,zoopl,Erken_Spring_F_13_zoopl,0.5179231560074377,7.5,2.3361197758794114,-1.63313337669845,-1.70849380188085,-0.0290299030575446,-0.319084399919335,8.999147197905394,0.607672715104861,15.504999999999999,0.5094,12.295,645.6666666666666,16.46333333333333,1.3417124999999999,0.03341473763129917,0.03236019393232148
Erken,Spring,F,2,phyto,Erken_Spring_F_2_phyto,0.7588249878573946,18.8,5.739579712140808,0.0431827420602888,-0.229400010532921,-0.0557797536168806,-0.0684274239258477,NA,NA,15.036666666666667,0.5403666666666667,12.515,608.8333333333334,16.438333333333333,0.96655875,0.03610597279485751,0.03631903418487628
Erken,Spring,F,2,zoopl,Erken_Spring_F_2_zoopl,0.490416233375417,8.166666666666666,2.35563982406052,-0.2671147007446,-0.717791425499384,0.243051852924584,-0.427501259281294,12.322414007779503,0.58299713201241,15.036666666666667,0.5403666666666667,12.515,608.8333333333334,16.438333333333333,0.96655875,0.03610597279485751,0.03631903418487628
Erken,Spring,F,8,phyto,Erken_Spring_F_8_phyto,0.584347130739366,26,5.735297017834113,-0.207143011426038,-0.362732781055537,0.0726136032041463,-0.0714265641325669,NA,NA,12.618333333333334,0.49079999999999996,12.31,670.1666666666666,16.525,0.64678875,0.03924211958400408,0.03755868870676483
Erken,Spring,F,8,zoopl,Erken_Spring_F_8_zoopl,0.6336989959644523,8.666666666666666,3.3681460757958765,0.463338747834821,-1.08709923268844,0.980508725856908,-0.236945545889345,18.210327696705583,0.911403924312839,12.618333333333334,0.49079999999999996,12.31,670.1666666666666,16.525,0.64678875,0.03924211958400408,0.03755868870676483
Erken,Spring,FS,15,phyto,Erken_Spring_FS_15_phyto,0.7328423405784062,21.4,6.123523812081044,1.29175438545773,0.80024213236192,-0.382428324304388,-0.453132660592056,NA,NA,14.053333333333333,0.4900333333333333,11.89,467.8333333333333,16.663333333333334,1.624095,0.03532365968004692,0.03341069832492348
Erken,Spring,FS,15,zoopl,Erken_Spring_FS_15_zoopl,0.5690636271747207,7.833333333333333,2.80773991320446,-0.486397487725684,-1.64768937338313,1.02137338543738,-0.231101346227441,7.50578956243528,0.536857706944626,14.053333333333333,0.4900333333333333,11.89,467.8333333333333,16.663333333333334,1.624095,0.03532365968004692,0.03341069832492348
Erken,Spring,FS,4,phyto,Erken_Spring_FS_4_phyto,0.7236673553752516,20,5.850819959633418,-0.386391897189802,0.794087357561088,0.941980979188296,-0.0631844771446455,NA,NA,14.963333333333333,0.5185166666666666,12.030000000000001,459.8333333333333,16.601666666666667,1.23892875,0.03507986901030352,0.030264764842481015
Erken,Spring,FS,4,zoopl,Erken_Spring_FS_4_zoopl,0.5438433133840074,7.333333333333333,2.54847294765352,-1.58357746674254,-1.21544483961293,-0.523168724548737,-0.77732157183231,11.423737615083045,0.486238115005923,14.963333333333333,0.5185166666666666,12.030000000000001,459.8333333333333,16.601666666666667,1.23892875,0.03507986901030352,0.030264764842481015
Erken,Spring,FS,6,phyto,Erken_Spring_FS_6_phyto,0.666792147816725,17.2,4.893550765866474,-0.0736827861284332,0.38373441249142,0.260546062214769,-0.149815715386202,NA,NA,14.535,0.49045,12.14,384.6666666666667,16.638333333333332,0.812925,0.033875189073105015,0.03299485929924526
Erken,Spring,FS,6,zoopl,Erken_Spring_FS_6_zoopl,0.5972042814343536,7.333333333333333,2.905133214675917,-0.76627562464302,-1.21486261262684,0.242204506616929,-0.310778969696496,8.020950934619073,0.401603214817236,14.535,0.49045,12.14,384.6666666666667,16.638333333333332,0.812925,0.033875189073105015,0.03299485929924526
Erken,Spring,FS,9,phyto,Erken_Spring_FS_9_phyto,0.798440605895539,14.25,5.833372323872828,-0.0551928914287612,0.849713627635431,0.719900232994633,-0.0191867490550668,NA,NA,16.248333333333335,0.5066166666666667,12.135,429.3333333333333,16.673333333333332,1.3569225,0.03232656778039513,0.031232600716870507
Erken,Spring,FS,9,zoopl,Erken_Spring_FS_9_zoopl,0.5873051115368597,7.166666666666667,2.7813256378638966,-0.111497071888185,-1.25374993297791,1.02091174283341,-0.0726861961847994,11.513350233757901,0.463410299057223,16.248333333333335,0.5066166666666667,12.135,429.3333333333333,16.673333333333332,1.3569225,0.03232656778039513,0.031232600716870507
Erken,Spring,S,12,phyto,Erken_Spring_S_12_phyto,0.6973024876843044,20.4,6.371689548215142,-0.603296323760057,-0.0183153961028884,-0.453883809896691,-0.205521436656179,NA,NA,13.473333333333333,0.5071,12.21,451,16.645,0.69503625,0.037924148066723486,0.03939265106258895
Erken,Spring,S,12,zoopl,Erken_Spring_S_12_zoopl,0.5609806886508917,8.333333333333334,2.82807159711769,-1.26339401252717,0.471696695393636,-0.956888574506982,-0.114497922517313,16.216360944899996,0.363879984843755,13.473333333333333,0.5071,12.21,451,16.645,0.69503625,0.037924148066723486,0.03939265106258895
Erken,Spring,S,14,phyto,Erken_Spring_S_14_phyto,0.7773365767558482,16.8,7.256414363864626,-0.207143011426038,-0.125632759865659,-0.0600223491320569,-0.110103131873133,NA,NA,14.698333333333332,0.46663333333333334,12.055,458.3333333333333,16.64,0.79243875,0.032253195328827,0.032680684662766496
Erken,Spring,S,14,zoopl,Erken_Spring_S_14_zoopl,0.5567000757794147,9.166666666666666,3.21834672416745,-0.26088016263993,-0.337241752137523,0.0847147085020562,-0.0993433604210747,14.358151472276663,0.713414233587715,14.698333333333332,0.46663333333333334,12.055,458.3333333333333,16.64,0.79243875,0.032253195328827,0.032680684662766496
Erken,Spring,S,3,phyto,Erken_Spring_S_3_phyto,0.683650330948862,8.8,3.223632998684228,-0.604944072210498,-1.13083034186262,0.0546241860371953,-0.170705104470646,NA,NA,14.775,0.48915,12.025,515.8333333333334,16.556666666666665,0.59577375,0.0333576026391859,0.029342518286108454
Erken,Spring,S,3,zoopl,Erken_Spring_S_3_zoopl,0.5019745767582289,8.833333333333334,2.4720309498042052,0.0956920435735856,0.536151605943985,-0.418229290388379,-0.369036632008273,33.68631835004786,0.583726066821859,14.775,0.48915,12.025,515.8333333333334,16.556666666666665,0.59577375,0.0333576026391859,0.029342518286108454
Erken,Spring,S,5,phyto,Erken_Spring_S_5_phyto,0.6353244913040064,12.4,3.507104746837962,-0.385067418049877,-0.517750056809249,-0.00441477012268794,-0.173016607508175,NA,NA,14.581666666666667,0.5098333333333334,11.96,428.8333333333333,16.566666666666666,0.58914,0.035395541967543354,0.031065526098967677
Erken,Spring,S,5,zoopl,Erken_Spring_S_5_zoopl,0.6021188964690328,8.833333333333334,2.9793729678438385,0.291747148696721,-0.0670725878130857,0.0278839756425684,-0.00596786855263404,29.04719177020644,0.439427266877295,14.581666666666667,0.5098333333333334,11.96,428.8333333333333,16.566666666666666,0.58914,0.035395541967543354,0.031065526098967677
Erken,Summer,F,11,phyto,Erken_Summer_F_11_phyto,0.7474753118736055,16.666666666666668,5.139005236973554,0.752520676677702,-0.0141345904821579,0.53657761757036,-0.130842349598466,NA,NA,18.226666666666667,0.5948333333333333,11.635,174.6,18,4.456815,0.0331005136966694,0.02982808335024694
Erken,Summer,F,11,zoopl,Erken_Summer_F_11_zoopl,0.5653981153347115,11.333333333333334,3.1940383111090584,-1.93565041843913,-0.997437986047261,-0.528772893026921,-0.469063202531876,49.05181902853357,0.494609728748465,18.226666666666667,0.5948333333333333,11.635,174.6,18,4.456815,0.0331005136966694,0.02982808335024694
Erken,Summer,F,13,phyto,Erken_Summer_F_13_phyto,0.7671096119621241,19.166666666666668,6.1194225877201145,0.40882837405099,0.0997760662916033,-0.28896388077268,-0.09260619293252,NA,NA,18.381666666666668,0.5878833333333333,11.02,172.6,17.978,3.7546500000000003,0.03261293778964265,0.028159139788709597
Erken,Summer,F,13,zoopl,Erken_Summer_F_13_zoopl,0.5927409979251274,10.333333333333334,3.46303256163126,-1.13455565172962,-1.17114807027654,0.0673422888809749,-0.407243082328956,50.8560983556596,0.530165760452345,18.381666666666668,0.5878833333333333,11.02,172.6,17.978,3.7546500000000003,0.03261293778964265,0.028159139788709597
Erken,Summer,F,2,phyto,Erken_Summer_F_2_phyto,0.699621679874619,18.333333333333332,4.7126593270596215,0.758408581518812,-0.0777067985326618,0.619795060508856,-0.285534856665436,NA,NA,21.993333333333332,0.58085,11.825,160.4,17.924,4.19991,0.028159900978100352,0.025614091250369505
Erken,Summer,F,2,zoopl,Erken_Summer_F_2_zoopl,0.6190336072139558,11,3.5029496623982563,-1.91684502695666,-0.411244898759895,-0.789401531202567,-0.577969725291203,62.381933738277446,0.565271256168772,21.993333333333332,0.58085,11.825,160.4,17.924,4.19991,0.028159900978100352,0.025614091250369505
Erken,Summer,F,8,phyto,Erken_Summer_F_8_phyto,0.6819312730068221,16,3.67459780978475,0.668292734579596,-0.0380876794878554,0.487883726905008,-0.171555640455963,NA,NA,18.759999999999998,0.5911166666666667,11.895,183,17.944,3.95775,0.032324017409964295,0.02900735371392648
Erken,Summer,F,8,zoopl,Erken_Summer_F_8_zoopl,0.54812423936694,10.5,2.7692799240398367,-1.27539928685198,-0.561493576069274,-0.198540120784871,-0.459450017563769,75.51728115358925,0.684719934897217,18.759999999999998,0.5911166666666667,11.895,183,17.944,3.95775,0.032324017409964295,0.02900735371392648
Erken,Summer,FS,15,phyto,Erken_Summer_FS_15_phyto,0.770763236349907,15.833333333333334,5.839738105286607,-0.132560819208904,0.43981645713194,0.373768224868353,-0.0783611713983829,NA,NA,17.576666666666668,0.5826833333333333,11.02,128.8,18.23,5.39616,0.03338254481869696,0.02863456094059525
Erken,Summer,FS,15,zoopl,Erken_Summer_FS_15_zoopl,0.6271597115392649,10.666666666666666,3.8787843958638017,-1.5443098952657,-1.14913377769687,-0.0666880118892332,-0.54800057588013,51.4611993590923,0.579570906531491,17.576666666666668,0.5826833333333333,11.02,128.8,18.23,5.39616,0.03338254481869696,0.02863456094059525
Erken,Summer,FS,4,phyto,Erken_Summer_FS_4_phyto,0.6975510339137448,20.5,4.618141766862355,0.6560036027605,0.571085624622939,-0.067713857145867,-0.0264133605346258,NA,NA,18.465,0.5969166666666667,11.715,100.8,18.144,6.105855,0.03278557315250556,0.029145370821394966
Erken,Summer,FS,4,zoopl,Erken_Summer_FS_4_zoopl,0.5932853971601835,11,3.504829219744998,-0.536914469442623,-1.75709211139258,1.07618786483791,-0.406084643056868,61.366062719607,0.555671735891832,18.465,0.5969166666666667,11.715,100.8,18.144,6.105855,0.03278557315250556,0.029145370821394966
Erken,Summer,FS,6,phyto,Erken_Summer_FS_6_phyto,0.6406201296706631,19.5,4.55075569690866,0.702479619085181,0.55797181396054,-0.110893360329937,-0.105453716033991,NA,NA,19.411666666666665,0.5987666666666667,11.510000000000002,104.4,18.118,5.4954,0.031022856117102437,0.026294223782703047
Erken,Summer,FS,6,zoopl,Erken_Summer_FS_6_zoopl,0.5008507777328401,9.5,2.8215357509721533,-0.892869055583085,-1.67174389102042,0.683778939008186,-0.505316539066179,49.972744137895674,0.61732556777852,19.411666666666665,0.5987666666666667,11.510000000000002,104.4,18.118,5.4954,0.031022856117102437,0.026294223782703047
Erken,Summer,FS,9,phyto,Erken_Summer_FS_9_phyto,0.7595468456380722,17.166666666666668,5.26272036833071,0.217170849267257,0.401677789423779,0.17378864821659,-0.0200774742937365,NA,NA,19.02166666666667,0.5880666666666667,11.385,112.2,18.294,5.660235,0.03129443816285998,0.028536802683144145
Erken,Summer,FS,9,zoopl,Erken_Summer_FS_9_zoopl,0.5497736412231756,11.166666666666666,2.868506377958235,-0.861576355211891,0.212959705713987,0.26467971682785,-0.327220022089058,74.8008482410412,0.627095059221804,19.02166666666667,0.5880666666666667,11.385,112.2,18.294,5.660235,0.03129443816285998,0.028536802683144145
Erken,Summer,S,12,phyto,Erken_Summer_S_12_phyto,0.7760530725808992,11.666666666666666,5.442472542202033,0.0575167563913265,-0.525225226348917,0.270399284501651,-1.80944244499125e-4,NA,NA,16.791666666666668,0.5697,11.845,128.8,18.208,3.113985,0.0343612169527527,0.029255190540634263
Erken,Summer,S,12,zoopl,Erken_Summer_S_12_zoopl,0.6545940688393895,12.833333333333334,4.215869223955305,-0.977351512872365,0.259400561802568,-0.701496599550538,-0.314497595374269,90.83967457602189,0.561620416707908,16.791666666666668,0.5697,11.845,128.8,18.208,3.113985,0.0343612169527527,0.029255190540634263
Erken,Summer,S,14,phyto,Erken_Summer_S_14_phyto,0.8243711604376448,13.666666666666666,5.977454282559091,0.795089235370884,-0.259746711222166,0.687176197197486,-0.127618132759037,NA,NA,17.975,0.5798666666666666,11.254999999999999,126.2,18.164,4.27368,0.032652920343397875,0.02936582962545626
Erken,Summer,S,14,zoopl,Erken_Summer_S_14_zoopl,0.6089959689782032,11.833333333333334,3.5601813007830567,-1.06917340196428,0.361224851634806,-0.942986644339199,-0.246651187743188,102.29602135141918,0.569513460728292,17.975,0.5798666666666666,11.254999999999999,126.2,18.164,4.27368,0.032652920343397875,0.02936582962545626
Erken,Summer,S,3,phyto,Erken_Summer_S_3_phyto,0.8513388999087677,11.5,5.471539766424484,0.400880811087779,-0.667399625779673,0.539036724685785,-0.0769404579621952,NA,NA,18.009999999999998,0.5629500000000001,12.115,99.8,18.13,3.95592,0.03193063219664694,0.029068167859474907
Erken,Summer,S,3,zoopl,Erken_Summer_S_3_zoopl,0.5787154463551447,11,3.1772363050224,-0.617101003810088,-0.644287394981556,-0.00266139888940568,-0.0725656703720776,85.53662440385713,0.524369023956228,18.009999999999998,0.5629500000000001,12.115,99.8,18.13,3.95592,0.03193063219664694,0.029068167859474907
Erken,Summer,S,5,phyto,Erken_Summer_S_5_phyto,0.7151109604309925,11.833333333333334,4.1185485536171385,0.656324718819954,-0.491495562702816,0.604328595761042,-0.145785078242726,NA,NA,19.885,0.5852666666666667,11.504999999999999,76.6,18.11,3.80922,0.030400124363027917,0.02448565316505881
Erken,Summer,S,5,zoopl,Erken_Summer_S_5_zoopl,0.614280932952139,13,3.5722083494465315,0.0489515642867628,-0.330817117153667,0.233868382320279,-0.233590878263522,130.15074942774126,0.478037838843111,19.885,0.5852666666666667,11.504999999999999,76.6,18.11,3.80922,0.030400124363027917,0.02448565316505881
Erssjoen,Spring,F,11,phyto,Erssjoen_Spring_F_11_phyto,0.7989669047962675,40.333333333333336,12.87498022230027,-0.716737216685207,0.317518133276972,0.764784516799447,-0.146345513812185,NA,NA,25.395,0.5784,18.865000000000002,110,18.975,9.39654,0.02307869144360789,0.02161996114493276
Erssjoen,Spring,F,11,zoopl,Erssjoen_Spring_F_11_zoopl,0.4881491882108442,7.833333333333333,2.3571906975448385,-2.36096766826824,-2.68850629936093,0.509820498422476,-0.852597559888917,8.994861814197924,0.553862268430149,25.395,0.5784,18.865000000000002,110,18.975,9.39654,0.02307869144360789,0.02161996114493276
Erssjoen,Spring,F,13,phyto,Erssjoen_Spring_F_13_phyto,0.7576913356384617,41.333333333333336,10.972961640418571,-0.713406347580464,0.399304198920619,0.840695844558035,-0.203733988958517,NA,NA,27.314999999999998,0.5902499999999999,21.445,115,18.966666666666665,11.0271,0.021993006792979573,0.02229418433768387
Erssjoen,Spring,F,13,zoopl,Erssjoen_Spring_F_13_zoopl,0.4587594763208785,8.166666666666666,2.1930601050023633,-2.48625317146523,-1.61268670786519,-0.566205315259425,-0.943782395634661,18.293822124745166,0.619387780677878,27.314999999999998,0.5902499999999999,21.445,115,18.966666666666665,11.0271,0.021993006792979573,0.02229418433768387
Erssjoen,Spring,F,2,phyto,Erssjoen_Spring_F_2_phyto,0.7945875799417561,39.833333333333336,11.587464292016815,-0.359075734512214,0.161552321405407,0.38341438373186,-0.0526507968906482,NA,NA,23.681666666666665,0.5709333333333333,21.18,110,18.733333333333334,8.81993,0.024172260355150656,0.028549778868529795
Erssjoen,Spring,F,2,zoopl,Erssjoen_Spring_F_2_zoopl,0.437886238273487,7.833333333333333,2.108709256284995,-1.87761458686518,-2.33398408441763,0.541884969548939,-0.739281859988455,9.161118824935338,0.569679231586791,23.681666666666665,0.5709333333333333,21.18,110,18.733333333333334,8.81993,0.024172260355150656,0.028549778868529795
Erssjoen,Spring,F,8,phyto,Erssjoen_Spring_F_8_phyto,0.8006313495238605,33.666666666666664,11.041761540633617,0.166367568197791,0.399304198920619,0.172007962083768,-0.0764788026677179,NA,NA,26.048333333333332,0.5706,21.515,106,18.905,10.1412,0.022005417141897278,0.022472194357038268
Erssjoen,Spring,F,8,zoopl,Erssjoen_Spring_F_8_zoopl,0.5568416396547371,7.333333333333333,2.7303144649267317,-4.70672560003591,-2.64546656511728,-1.38058769020475,-1.28309871192367,9.485524884689573,0.598321631464245,26.048333333333332,0.5706,21.515,106,18.905,10.1412,0.022005417141897278,0.022472194357038268
Erssjoen,Spring,FS,15,phyto,Erssjoen_Spring_FS_15_phyto,0.7647005958153125,38.833333333333336,10.866480604564241,0.610133723963883,0.44903098488485,-0.10460311314126,-0.146179772658546,NA,NA,24.713333333333335,0.5559499999999999,20.295,80,19.083333333333332,11.80398,0.022708999406027518,0.022124059768847334
Erssjoen,Spring,FS,15,zoopl,Erssjoen_Spring_FS_15_zoopl,0.650390994393715,9.666666666666666,3.4933593207271634,-1.79976879301652,-2.29997104143959,0.540270025077622,-0.840727072086571,16.386240541436386,0.653640720496556,24.713333333333335,0.5559499999999999,20.295,80,19.083333333333332,11.80398,0.022708999406027518,0.022124059768847334
Erssjoen,Spring,FS,4,phyto,Erssjoen_Spring_FS_4_phyto,0.7902743802636053,46,13.282719471784207,-0.713406347580464,0.524235655038721,0.883335764226466,-0.0714778076075286,NA,NA,22.86,0.5673833333333334,19.950000000000003,80,19.013333333333335,10.87238,0.02543903885815173,0.02824387548979494
Erssjoen,Spring,FS,4,zoopl,Erssjoen_Spring_FS_4_zoopl,0.4929429549444457,9,2.187176712843277,-1.39065967870408,-1.37956212748608,0.143334426376033,-0.587149701196264,16.961789286760695,0.584713562603722,22.86,0.5673833333333334,19.950000000000003,80,19.013333333333335,10.87238,0.02543903885815173,0.02824387548979494
Erssjoen,Spring,FS,6,phyto,Erssjoen_Spring_FS_6_phyto,0.7690369789108908,34.5,10.663557682857519,-0.315141184052854,0.524235655038721,0.611729060979402,-0.0515753627425867,NA,NA,22.476666666666667,0.5251333333333333,20.525,83,19.03333333333333,11.65776,0.023648104406003796,0.02506344025426594
Erssjoen,Spring,FS,6,zoopl,Erssjoen_Spring_FS_6_zoopl,0.6175937637708668,8.666666666666666,3.153200184652457,-2.61366068020891,-2.23502230999808,-0.165173581817257,-0.847683857395673,8.856465330533107,0.54000053477735,22.476666666666667,0.5251333333333333,20.525,83,19.03333333333333,11.65776,0.023648104406003796,0.02506344025426594
Erssjoen,Spring,FS,9,phyto,Erssjoen_Spring_FS_9_phyto,0.7873083409834147,44,13.513156349340937,-0.0622326031841961,0.399304198920619,0.36895503924504103,-0.0418568574404314,NA,NA,22.891666666666666,0.5344333333333333,20.415,88,18.946666666666665,9.98976,0.02350326829771902,0.02423607963135424
Erssjoen,Spring,FS,9,zoopl,Erssjoen_Spring_FS_9_zoopl,0.4074497924858499,6.833333333333333,2.3597197171560134,-0.760847775319889,-2.85042194001726,1.44105996419521,-0.391434847684749,11.192718783907333,0.612649756997982,22.891666666666666,0.5344333333333333,20.415,88,18.946666666666665,9.98976,0.02350326829771902,0.02423607963135424
Erssjoen,Spring,S,12,phyto,Erssjoen_Spring_S_12_phyto,0.7891450363268033,36.666666666666664,12.587066016304808,0.490007460706256,-0.0600271774267092,0.390502069248277,-0.131743239072812,NA,NA,23.791666666666664,0.5405,20.205,85,19.01,8.29926,0.022810852970178267,0.022364828689470415
Erssjoen,Spring,S,12,zoopl,Erssjoen_Spring_S_12_zoopl,0.5925050756971052,10.833333333333334,3.2365162134548817,-0.132653516040858,-0.0975812027958388,2.67481130264204e-4,-0.104225235083188,40.051796708980675,0.65381037722192,23.791666666666664,0.5405,20.205,85,19.01,8.29926,0.022810852970178267,0.022364828689470415
Erssjoen,Spring,S,14,phyto,Erssjoen_Spring_S_14_phyto,0.832243724311875,38.666666666666664,14.159264600068513,-0.359075734512214,0.05688724220896,-0.366572875243539,-0.0852763027455006,NA,NA,23.026666666666667,0.5318166666666667,19.68,79,19.03333333333333,9.36006,0.023328014656147634,0.023082773675163832
Erssjoen,Spring,S,14,zoopl,Erssjoen_Spring_S_14_zoopl,0.5369290502938605,9.333333333333334,2.4515563772005917,0.800417571070151,0.171181836432489,0.712728094405134,-0.129495351602107,64.52229211678744,0.675258663799196,23.026666666666667,0.5318166666666667,19.68,79,19.03333333333333,9.36006,0.023328014656147634,0.023082773675163832
Erssjoen,Spring,S,3,phyto,Erssjoen_Spring_S_3_phyto,0.8238202422271255,36.666666666666664,14.198772359715006,0.166367568197791,0.0175894909997804,0.0402434693039343,-0.0932221743922452,NA,NA,21.523333333333333,0.5671833333333333,20.369999999999997,66,18.89666666666667,7.7639000000000005,0.026343877762095527,0.02731976339433445
Erssjoen,Spring,S,3,zoopl,Erssjoen_Spring_S_3_zoopl,0.541693383641629,9.833333333333334,2.766387955894963,-1.31148812671416,0.0265696551845676,-0.992585892938872,-0.174067837261812,43.881657763431654,0.534030055260392,21.523333333333333,0.5671833333333333,20.369999999999997,66,18.89666666666667,7.7639000000000005,0.026343877762095527,0.02731976339433445
Erssjoen,Spring,S,5,phyto,Erssjoen_Spring_S_5_phyto,0.7716975987775003,39.166666666666664,11.631884465194304,-0.0622326031841961,0.126229577058861,-0.170855638297914,-0.0183729496224234,NA,NA,22.238333333333333,0.5196500000000001,20.509999999999998,95,19.025,8.9709,0.023342613217143843,0.024891438304122077
Erssjoen,Spring,S,5,zoopl,Erssjoen_Spring_S_5_zoopl,0.49914830206631966,10.666666666666666,2.4628147539269585,-0.255314578312822,0.644054385120477,-0.630406877707084,-0.159475868647572,65.19533170822714,0.660652617911211,22.238333333333333,0.5196500000000001,20.509999999999998,95,19.025,8.9709,0.023342613217143843,0.024891438304122077
Erssjoen,Summer,F,11,phyto,Erssjoen_Summer_F_11_phyto,0.798286271243541,55.666666666666664,16.348421336067254,-0.454211717234182,0.331059607125918,0.519228723518639,-0.110448801909018,NA,NA,26.924999999999997,0.5939333333333333,17.939999999999998,66,15.383333333333333,22.78788,0.02237727379904399,0.018599228567873584
Erssjoen,Summer,F,11,zoopl,Erssjoen_Summer_F_11_zoopl,0.5045353215621962,8,2.506875357368118,-0.56949598728608,-2.12655464803808,1.36562094699949,-0.0245826179499911,19.029280044490914,0.517878717989503,26.924999999999997,0.5939333333333333,17.939999999999998,66,15.383333333333333,22.78788,0.02237727379904399,0.018599228567873584
Erssjoen,Summer,F,13,phyto,Erssjoen_Summer_F_13_phyto,0.8058938228114082,48.333333333333336,15.46432421592716,0.0824026835295422,0.3610247617219,0.171074423320254,-0.0393158059004337,NA,NA,29.438333333333333,0.5844833333333334,18.025,80,15.358333333333334,27.4935,0.020090049146174693,0.01667677578145811
Erssjoen,Summer,F,13,zoopl,Erssjoen_Summer_F_13_zoopl,0.4931633251172363,9.166666666666666,2.9656477354759785,-0.900175663549228,-2.53965743916864,1.12021896679101,-0.483471284009124,17.375331855342928,0.506252160540689,29.438333333333333,0.5844833333333334,18.025,80,15.358333333333334,27.4935,0.020090049146174693,0.01667677578145811
Erssjoen,Summer,F,2,phyto,Erssjoen_Summer_F_2_phyto,0.7742082476076521,59.666666666666664,15.737282878387862,0.0626431942911983,0.256975933664802,0.0893404429348209,-0.00274968559486369,NA,NA,28.968333333333334,0.6241,17.990000000000002,93,15.333333333333334,27.254820000000002,0.021577392929437084,0.016822559150181916
Erssjoen,Summer,F,2,zoopl,Erssjoen_Summer_F_2_zoopl,0.3739556435986305,7.5,1.786657795151865,-1.17097715221308,-3.44030826236226,1.48669871172243,-0.441917366641129,15.501673745696051,0.553679647799041,28.968333333333334,0.6241,17.990000000000002,93,15.333333333333334,27.254820000000002,0.021577392929437084,0.016822559150181916
Erssjoen,Summer,F,8,phyto,Erssjoen_Summer_F_8_phyto,0.7959341161397113,47.666666666666664,14.831747339209551,-0.00583735395347469,0.240573109767117,0.177667216375699,-0.0554232331903376,NA,NA,26.665,0.598,17.384999999999998,83,15.35,24.18216,0.022615604686480013,0.016711650285038022
Erssjoen,Summer,F,8,zoopl,Erssjoen_Summer_F_8_zoopl,0.3972624890965212,7.333333333333333,2.1066078551605516,-0.212032580872774,-2.41040166589743,1.6598396261703,-0.208990343699479,17.12557450337581,0.523372985897427,26.665,0.598,17.384999999999998,83,15.35,24.18216,0.022615604686480013,0.016711650285038022
Erssjoen,Summer,FS,15,phyto,Erssjoen_Summer_FS_15_phyto,0.8298801503594018,51.833333333333336,19.327575335018334,-0.0340358193736622,0.443492592015656,0.323737191519147,-0.0309619517657023,NA,NA,28.87,0.5875833333333333,17.945,33,15.45,28.31898,0.02061628007546879,0.016978531153276303
Erssjoen,Summer,FS,15,zoopl,Erssjoen_Summer_FS_15_zoopl,0.45449371802336147,8.666666666666666,2.242410065062357,-0.235102052947523,-2.13021904805879,1.63694798620463,-0.365715276901189,32.03973292265738,0.576967299130308,28.87,0.5875833333333333,17.945,33,15.45,28.31898,0.02061628007546879,0.016978531153276303
Erssjoen,Summer,FS,4,phyto,Erssjoen_Summer_FS_4_phyto,0.82176622588998,60.166666666666664,20.108668786180118,0.517565862448817,0.445245584946682,-0.0831390898018779,-0.114047056728502,NA,NA,28.78,0.601,17.96,34,15.424999999999999,33.22224,0.021135265473846258,0.015831354297873437
Erssjoen,Summer,FS,4,zoopl,Erssjoen_Summer_FS_4_zoopl,0.463126996282221,8.166666666666666,2.4044756748358935,-1.9051061348558,-1.70892734741402,0.00414896604788972,-0.612434362356229,16.714147996749,0.549095839673724,28.78,0.601,17.96,34,15.424999999999999,33.22224,0.021135265473846258,0.015831354297873437
Erssjoen,Summer,FS,6,phyto,Erssjoen_Summer_FS_6_phyto,0.8267785918784775,56.5,19.72899755633093,0.16661816348205,0.403974146701575,0.158434303246886,-0.0785515645437415,NA,NA,26.376666666666665,0.5995,18.08,26,15.433333333333334,30.96294,0.02293927319763208,0.018303506144230014
Erssjoen,Summer,FS,6,zoopl,Erssjoen_Summer_FS_6_zoopl,0.46971705067308817,7.666666666666667,2.36451304015561,-1.69339160964772,-3.0546836302397,0.882970239712748,-0.451191546039292,9.450984410899599,0.526904196666201,26.376666666666665,0.5995,18.08,26,15.433333333333334,30.96294,0.02293927319763208,0.018303506144230014
Erssjoen,Summer,FS,9,phyto,Erssjoen_Summer_FS_9_phyto,0.8326748661869154,52.333333333333336,19.983697793701715,-0.0340358193736622,0.389925766301732,0.300810688920145,-0.066592054598597,NA,NA,25.306666666666665,0.60325,17.674999999999997,33,15.383333333333333,27.72912,0.023944919877804983,0.019584914758201424
Erssjoen,Summer,FS,9,zoopl,Erssjoen_Summer_FS_9_zoopl,0.4400780824011905,8,2.1571986015038798,-3.28930873458452,-3.51373514135481,-0.214266738673668,-0.692647682931567,10.251810065402076,0.44075243947916,25.306666666666665,0.60325,17.674999999999997,33,15.383333333333333,27.72912,0.023944919877804983,0.019584914758201424
Erssjoen,Summer,S,12,phyto,Erssjoen_Summer_S_12_phyto,0.834751839330744,45.666666666666664,18.209676181041115,-0.662761472907068,0.209273059927185,-0.568910178896787,-0.15127442515548,NA,NA,26.09,0.5782499999999999,17.755,34,15.45,22.54236,0.022751153601481725,0.020117869093658317
Erssjoen,Summer,S,12,zoopl,Erssjoen_Summer_S_12_zoopl,0.5363870460024507,9.333333333333334,2.793615968223752,-2.23585565180834,-0.0995130143480521,-1.5781869788632,-0.632605952423982,49.44859476156884,0.521019305931494,26.09,0.5782499999999999,17.755,34,15.45,22.54236,0.022751153601481725,0.020117869093658317
Erssjoen,Summer,S,14,phyto,Erssjoen_Summer_S_14_phyto,0.816894086214575,55.666666666666664,19.086910781982567,0.238611956950048,0.17696157371976,0.0367744185762539,-0.0304131463812565,NA,NA,29.098333333333333,0.6073999999999999,17.884999999999998,33,15.433333333333334,26.00322,0.020944922841345404,0.016409757260205916
Erssjoen,Summer,S,14,zoopl,Erssjoen_Summer_S_14_zoopl,0.4025720593726937,9,2.0236130324059998,-0.23939790677074,0.0272791501435628,-0.040077449198944,-0.148023462014366,66.81610411960291,0.510008827632448,29.098333333333333,0.6073999999999999,17.884999999999998,33,15.433333333333334,26.00322,0.020944922841345404,0.016409757260205916
Erssjoen,Summer,S,3,phyto,Erssjoen_Summer_S_3_phyto,0.8182279989403095,59.666666666666664,20.568901471691802,-0.137967776803707,0.275300165422575,-0.261351932807044,-0.0429526817800048,NA,NA,28.591666666666665,0.6014333333333333,17.97,28,15.416666666666666,25.89162,0.02134822044864989,0.015234930118425265
Erssjoen,Summer,S,3,zoopl,Erssjoen_Summer_S_3_zoopl,0.43079924958108334,8.166666666666666,2.1406604045153266,-0.248480374381717,-0.0803783165402976,-0.0291939072368819,-0.162890504840781,51.17437629848296,0.47461194290349,28.591666666666665,0.6014333333333333,17.97,28,15.416666666666666,25.89162,0.02134822044864989,0.015234930118425265
Erssjoen,Summer,S,5,phyto,Erssjoen_Summer_S_5_phyto,0.8150453310163414,56.333333333333336,18.91026972432105,-0.184123686288365,0.143448064474046,-0.179387066615666,-0.0391434776029959,NA,NA,27.628333333333334,0.6188833333333333,17.75,17,15.4,23.42424,0.0225230584052134,0.01759745663271958
Erssjoen,Summer,S,5,zoopl,Erssjoen_Summer_S_5_zoopl,0.426523765262973,8.166666666666666,2.0562707911861433,-2.07975348464421,-0.70208189155287,-1.02145816102715,-0.530011628611764,37.86954574426166,0.594631676747278,27.628333333333334,0.6188833333333333,17.75,17,15.4,23.42424,0.0225230584052134,0.01759745663271958
Feresjoen,Spring,F,11,phyto,Feresjoen_Spring_F_11_phyto,0.6983614563895238,40,7.680303556574752,0.587356752925279,0.673410119585971,0.056416500692921,-0.251317169318652,NA,NA,9.265,0.3055333333333333,7.1895,897.6666666666666,17.533333333333335,1.157865,0.033393110378254404,0.020511164239340234
Feresjoen,Spring,F,11,zoopl,Feresjoen_Spring_F_11_zoopl,0.5733585587091753,8.333333333333334,3.0255580482831967,0.485170326404831,-0.597325592957112,0.766543442525805,-0.313703600610205,11.258876569966029,0.357613621573778,9.265,0.3055333333333333,7.1895,897.6666666666666,17.533333333333335,1.157865,0.033393110378254404,0.020511164239340234
Feresjoen,Spring,F,13,phyto,Feresjoen_Spring_F_13_phyto,0.7450112221881383,44.333333333333336,10.470932020898099,0.74237402867899,0.981178390343103,0.135362560556037,-0.212949808864881,NA,NA,9.43,0.28336666666666666,6.481999999999999,906.3333333333334,17.53333333333333,1.669365,0.030245188070154548,0.012615677123844093
Feresjoen,Spring,F,13,zoopl,Feresjoen_Spring_F_13_zoopl,0.6536976424383611,8,3.367053666237088,0.540008427173547,-1.03285671462065,1.20923256021189,-0.230733542949015,16.2078481988078,0.823279393363203,9.43,0.28336666666666666,6.481999999999999,906.3333333333334,17.53333333333333,1.669365,0.030245188070154548,0.012615677123844093
Feresjoen,Spring,F,2,phyto,Feresjoen_Spring_F_2_phyto,0.6898740906268125,42.833333333333336,8.893978430566028,0.402459717158128,0.226520161435808,-0.142387532533643,-0.122525823942677,NA,NA,10.06,0.3119,6.541,908.6666666666666,17.483333333333334,0.9490649999999999,0.03142321985726706,0.01832994526762561
Feresjoen,Spring,F,2,zoopl,Feresjoen_Spring_F_2_zoopl,0.5809535572138863,8.333333333333334,2.857349169810153,-0.441838050075244,-0.976073348394053,0.0832085523318807,-0.153403153755136,11.547871827925826,0.404867255601616,10.06,0.3119,6.541,908.6666666666666,17.483333333333334,0.9490649999999999,0.03142321985726706,0.01832994526762561
Feresjoen,Spring,F,8,phyto,Feresjoen_Spring_F_8_phyto,0.6819396393590147,36,7.346208993889602,-0.0236359092295161,0.656094800685898,0.588144761234209,-0.0673159925352745,NA,NA,9.661666666666667,0.30075,6.563,937.6666666666666,17.5,0.93651,0.03128534057809775,0.01201298354168038
Feresjoen,Spring,F,8,zoopl,Feresjoen_Spring_F_8_zoopl,0.5618202383888041,8.166666666666666,2.9667342171569935,0.276454838480867,-0.168532023370665,0.413499367647051,-0.418816748782284,21.469310865754565,0.480719487547665,9.661666666666667,0.30075,6.563,937.6666666666666,17.5,0.93651,0.03128534057809775,0.01201298354168038
Feresjoen,Spring,FS,15,phyto,Feresjoen_Spring_FS_15_phyto,0.783338170159988,47.666666666666664,12.469629439570483,0.430989396757546,1.28615591637096,0.633020422861472,-0.298814789879239,NA,NA,9.44,0.2924,6.216,395,17.616666666666667,1.7868600000000001,0.03134850183814929,0.011174846603554067
Feresjoen,Spring,FS,15,zoopl,Feresjoen_Spring_FS_15_zoopl,0.5996511393285078,6.833333333333333,2.9932215526258585,0.331143272075261,-2.61123768155449,1.57297080702591,-0.332553580061099,8.468169520534486,0.444887901267263,9.44,0.2924,6.216,395,17.616666666666667,1.7868600000000001,0.03134850183814929,0.011174846603554067
Feresjoen,Spring,FS,4,phyto,Feresjoen_Spring_FS_4_phyto,0.7417123033491742,37.333333333333336,8.914278671421302,0.587356752925279,1.13934793224747,0.3796097324889,-0.209553089094552,NA,NA,11.913333333333334,0.3237833333333333,6.166,258.6666666666667,17.6,1.6824,0.027313507393801433,0.012658244279191912
Feresjoen,Spring,FS,4,zoopl,Feresjoen_Spring_FS_4_zoopl,0.548734363679239,7.333333333333333,2.420379196002865,-0.350353225014827,-0.845748905369016,0.406564326865499,-0.0304083160129651,15.717376373491305,0.444315874618903,11.913333333333334,0.3237833333333333,6.166,258.6666666666667,17.6,1.6824,0.027313507393801433,0.012658244279191912
Feresjoen,Spring,FS,6,phyto,Feresjoen_Spring_FS_6_phyto,0.6114438443675136,36.5,4.63963743136144,0.587356752925279,0.883646657449825,0.100214698665965,-0.215255025412621,NA,NA,9.863333333333333,0.30593333333333333,6.4055,409,17.616666666666667,1.06887,0.03116639746014499,0.012984434104489885
Feresjoen,Spring,FS,6,zoopl,Feresjoen_Spring_FS_6_zoopl,0.523517263298198,8,2.596865601509135,0.261483738708321,-0.998333187620348,1.08515811448243,-0.463967486018047,16.209783221368422,0.471129624530791,9.863333333333333,0.30593333333333333,6.4055,409,17.616666666666667,1.06887,0.03116639746014499,0.012984434104489885
Feresjoen,Spring,FS,9,phyto,Feresjoen_Spring_FS_9_phyto,0.6969543057898608,51.2,7.148462183394864,1.17162417607266,0.968479419890848,-0.156228541256383,-0.40142827440569,NA,NA,9.911666666666667,0.30635,6.522,375,17.53333333333333,1.58061,0.03143941109462448,0.012378761952389274
Feresjoen,Spring,FS,9,zoopl,Feresjoen_Spring_FS_9_zoopl,0.5932395847044106,7.833333333333333,3.0035171183426033,0.0138949649092686,-0.563853336002746,0.656079970887806,-0.14844540592337,11.9175217551954,0.375500131145983,9.911666666666667,0.30635,6.522,375,17.53333333333333,1.58061,0.03143941109462448,0.012378761952389274
Feresjoen,Spring,S,12,phyto,Feresjoen_Spring_S_12_phyto,0.587145060301623,26.666666666666668,5.048805167818852,0.403820698787027,0.00961573486555253,0.409363383732247,-0.0919844647648582,NA,NA,9.65,0.2815166666666667,6.4765,421.3333333333333,17.541666666666668,0.97182,0.029443411849892,0.009358263840394954
Feresjoen,Spring,S,12,zoopl,Feresjoen_Spring_S_12_zoopl,0.6054359417017217,9.5,3.419562752278277,0.941792470654768,0.318787724249623,0.450302860931111,-0.01183824909418,21.681463059600443,0.440655082100867,9.65,0.2815166666666667,6.4765,421.3333333333333,17.541666666666668,0.97182,0.029443411849892,0.009358263840394954
Feresjoen,Spring,S,14,phyto,Feresjoen_Spring_S_14_phyto,0.6950137089680687,43,7.816068888906268,0.430989396757546,0.980555051477655,-0.245842062841398,-0.144814542377049,NA,NA,9.141666666666666,0.2912666666666667,6.300000000000001,220.66666666666666,17.566666666666666,1.195725,0.032363488609707926,0.009296060427967203
Feresjoen,Spring,S,14,zoopl,Feresjoen_Spring_S_14_zoopl,0.6649894023282463,9.5,4.054404094535902,-0.0166176008452448,-1.56844803275322,0.734995105544962,-0.160397783532824,11.097884164087414,0.442786622343717,9.141666666666666,0.2912666666666667,6.300000000000001,220.66666666666666,17.566666666666666,1.195725,0.032363488609707926,0.009296060427967203
Feresjoen,Spring,S,3,phyto,Feresjoen_Spring_S_3_phyto,0.6085087929614629,23.333333333333332,4.8969361977188415,-0.0689635736894869,-0.272108329871301,0.109512021046867,-0.0409711940346955,NA,NA,10.058333333333334,0.30106666666666665,6.4864999999999995,330.3333333333333,17.6,0.69216,0.031069982105820473,0.015128605371261821
Feresjoen,Spring,S,3,zoopl,Feresjoen_Spring_S_3_zoopl,0.6174219013925072,9.333333333333334,3.18260428829948,-0.0505128669805183,-0.00759587604565809,-0.0753523702922604,-0.0910906008262425,19.234447282531114,0.422626857388453,10.058333333333334,0.30106666666666665,6.4864999999999995,330.3333333333333,17.6,0.69216,0.031069982105820473,0.015128605371261821
Feresjoen,Spring,S,5,phyto,Feresjoen_Spring_S_5_phyto,0.6009955600613638,24.166666666666668,4.8112519150891035,-0.456169367935324,-0.269928558489616,-0.0866669939682482,-0.0551037540551648,NA,NA,10.17,0.28845,6.4475,367.3333333333333,17.616666666666667,0.72771,0.02946053075429927,0.013517404033832139
Feresjoen,Spring,S,5,zoopl,Feresjoen_Spring_S_5_zoopl,0.553991846851935,8.333333333333334,2.802934894232447,-0.296888622628701,-0.191854407465807,-0.0358375977559748,-0.256566317924754,19.405615969946524,0.389381828508253,10.17,0.28845,6.4475,367.3333333333333,17.616666666666667,0.72771,0.02946053075429927,0.013517404033832139
Feresjoen,Summer,F,11,phyto,Feresjoen_Summer_F_11_phyto,0.8154862755414548,46.166666666666664,13.8102675377742,0.438483001107583,0.878307535111634,0.24543234530203,-0.0931316586495772,NA,NA,6.828333333333333,0.28728333333333333,5.983,206.5,17.683333333333334,1.84788,0.04241344895947671,0.009792624934720605
Feresjoen,Summer,F,11,zoopl,Feresjoen_Summer_F_11_zoopl,0.6255024151556295,8.333333333333334,3.254716360204837,0.308883561941178,-0.919015521949027,1.06453270881245,-0.126319791527093,9.325229341113264,0.563113537008447,6.828333333333333,0.28728333333333333,5.983,206.5,17.683333333333334,1.84788,0.04241344895947671,0.009792624934720605
Feresjoen,Summer,F,13,phyto,Feresjoen_Summer_F_13_phyto,0.7970876902162264,44.333333333333336,12.718669021787154,0.451189940311214,0.568407381109077,0.195141322171777,-0.176973781034402,NA,NA,7.488333333333333,0.29546666666666666,6.022,247,17.683333333333334,1.967685,0.0397217537553042,0.011947297689458847
Feresjoen,Summer,F,13,zoopl,Feresjoen_Summer_F_13_zoopl,0.5613078350663219,7.833333333333333,2.8574889240974968,-0.474438432877694,-1.27454284716967,0.637294388526636,-0.0456546328170611,6.21537677540078,0.611193499656524,7.488333333333333,0.29546666666666666,6.022,247,17.683333333333334,1.967685,0.0397217537553042,0.011947297689458847
Feresjoen,Summer,F,2,phyto,Feresjoen_Summer_F_2_phyto,0.8424348846916656,44.166666666666664,16.499027361257866,0.126729689519458,0.278344169584806,0.0801614702452707,-0.0490507690381664,NA,NA,7.113333333333333,0.2826,5.9465,155.5,17.55,1.3921350000000001,0.040231490780293686,0.010427425134166708
Feresjoen,Summer,F,2,zoopl,Feresjoen_Summer_F_2_zoopl,0.6674487900718027,8.666666666666666,3.814401865997908,-0.00235624669426653,-0.439552423693044,0.207755403571456,-0.0773899464729613,12.051292443167755,1.0009493336075,7.113333333333333,0.2826,5.9465,155.5,17.55,1.3921350000000001,0.040231490780293686,0.010427425134166708
Feresjoen,Summer,F,8,phyto,Feresjoen_Summer_F_8_phyto,0.8407861418784145,31.833333333333332,12.32725694578845,0.246964182520614,0.717101704487116,0.069156599208252,-0.0350826824661432,NA,NA,7.85,0.30085,6.092499999999999,197.5,17.65,1.595955,0.03859551204258615,0.011411070559180891
Feresjoen,Summer,F,8,zoopl,Feresjoen_Summer_F_8_zoopl,0.6535667789351693,8.166666666666666,3.6770439837398583,0.0241590463058969,-0.450181407966414,0.568326765581559,-0.0725053084463631,9.604202936730234,0.583753218681369,7.85,0.30085,6.092499999999999,197.5,17.65,1.595955,0.03859551204258615,0.011411070559180891
Feresjoen,Summer,FS,15,phyto,Feresjoen_Summer_FS_15_phyto,0.8204112536222689,43.5,14.513632818526654,0.610514661334664,0.748551599957668,0.0635084576312625,-0.20406723170089,NA,NA,6.911666666666667,0.2879833333333333,5.8555,135,17.866666666666667,1.815,0.04225725869835974,0.010912244228033701
Feresjoen,Summer,FS,15,zoopl,Feresjoen_Summer_FS_15_zoopl,0.5708205029638334,8.5,3.0130519370219084,0.0776542527001791,-1.21399559014152,0.866640443673156,-0.119262310233462,6.70727532479839,0.456218600884749,6.911666666666667,0.2879833333333333,5.8555,135,17.866666666666667,1.815,0.04225725869835974,0.010912244228033701
Feresjoen,Summer,FS,4,phyto,Feresjoen_Summer_FS_4_phyto,0.8531432903350836,45.166666666666664,16.998662324360733,0.340968891094949,0.748551599957668,0.368648114969368,-0.0774989819667932,NA,NA,7.428333333333333,0.28341666666666665,5.9585,74.5,17.816666666666666,1.9501499999999998,0.038476541132461205,0.008754344034936874
Feresjoen,Summer,FS,4,zoopl,Feresjoen_Summer_FS_4_zoopl,0.6431042981538987,8.666666666666666,3.595743120296225,-0.529500906961409,-0.420531332883447,-0.189770461047286,-0.206486642436227,9.72937916798713,0.465801653465362,7.428333333333333,0.28341666666666665,5.9585,74.5,17.816666666666666,1.9501499999999998,0.038476541132461205,0.008754344034936874
Feresjoen,Summer,FS,6,phyto,Feresjoen_Summer_FS_6_phyto,0.8546254607585353,35.166666666666664,14.41466490484055,0.246964182520614,0.913486743236162,0.560596769317581,-0.112411161786473,NA,NA,7.58,0.29585,5.883,97,17.816666666666666,2.0898,0.03925876046272908,0.00829213626475933
Feresjoen,Summer,FS,6,zoopl,Feresjoen_Summer_FS_6_zoopl,0.6362325391755949,8.333333333333334,3.3864807737157117,-0.909577211053322,-1.85318966592061,0.290913490355301,-0.111646505257896,8.545081662884417,0.579602030733174,7.58,0.29585,5.883,97,17.816666666666666,2.0898,0.03925876046272908,0.00829213626475933
Feresjoen,Summer,FS,9,phyto,Feresjoen_Summer_FS_9_phyto,0.8260641776820645,41,14.193096891536133,0.126729689519458,0.88260449730951,0.633449849622073,-0.149571112858602,NA,NA,8,0.29855,5.9719999999999995,87.5,17.8,2.02113,0.03780656988998334,0.00955545316596443
Feresjoen,Summer,FS,9,zoopl,Feresjoen_Summer_FS_9_zoopl,0.5899111421950773,7.5,2.9155406410453684,0.322596260783805,-1.62945791662451,1.22709988734673,-0.277613474015612,19.491141008397843,0.469182764701774,8,0.29855,5.9719999999999995,87.5,17.8,2.02113,0.03780656988998334,0.00955545316596443
Feresjoen,Summer,S,12,phyto,Feresjoen_Summer_S_12_phyto,0.8295397727083795,42.166666666666664,14.116483322108563,0.51672604979157,0.037205595122886,0.333500315039274,-0.0671511125580551,NA,NA,6.996666666666666,0.2741166666666667,5.794,133.5,17.8,1.214385,0.039717786987510766,0.010440929609253772
Feresjoen,Summer,S,12,zoopl,Feresjoen_Summer_S_12_zoopl,0.7078607364801374,8.666666666666666,3.973648349403548,0.456387838987294,-0.155231139702099,0.638346654277508,-0.273173799350988,12.070943146904296,0.502516655794852,6.996666666666666,0.2741166666666667,5.794,133.5,17.8,1.214385,0.039717786987510766,0.010440929609253772
Feresjoen,Summer,S,14,phyto,Feresjoen_Summer_S_14_phyto,0.8013562628956417,40.5,12.53352027180805,0.438483001107583,-0.120721405899483,0.250196246248994,-0.0772627350039712,NA,NA,6.9350000000000005,0.27681666666666666,5.875,141,17.85,1.23447,0.04052219336108936,0.010190759535947379
Feresjoen,Summer,S,14,zoopl,Feresjoen_Summer_S_14_zoopl,0.6335249116711206,8.333333333333334,3.3627025135030166,0.0697119691083717,0.0564657581773489,0.0985239445748427,-0.321746573395921,12.797138390543145,0.491005651884541,6.9350000000000005,0.27681666666666666,5.875,141,17.85,1.23447,0.04052219336108936,0.010190759535947379
Feresjoen,Summer,S,3,phyto,Feresjoen_Summer_S_3_phyto,0.8160565325273055,38.333333333333336,13.637238722691416,0.805044619502968,0.227527726672723,0.413808882765781,-0.168136224300338,NA,NA,7.305,0.2746166666666667,5.9495000000000005,74,17.733333333333334,1.4076,0.038014155530475637,0.009045405726857214
Feresjoen,Summer,S,3,zoopl,Feresjoen_Summer_S_3_zoopl,0.44980148826382516,7,1.9472532745288216,-0.533831942600757,0.653395136719626,-0.767657392238977,-0.00243997725665906,20.016231118677858,0.562162518004759,7.305,0.2746166666666667,5.9495000000000005,74,17.733333333333334,1.4076,0.038014155530475637,0.009045405726857214
Feresjoen,Summer,S,5,phyto,Feresjoen_Summer_S_5_phyto,0.8056070357790222,39.5,12.602881493172022,0.438483001107583,0.278344169584806,0.0184690491281098,-0.0723391917443275,NA,NA,7.66,0.2859833333333333,6.003,87.5,17.78333333333333,1.221555,0.037886382426596185,0.0068092294944459356
Feresjoen,Summer,S,5,zoopl,Feresjoen_Summer_S_5_zoopl,0.6021106734452089,8.833333333333334,3.109986981116103,-0.751592476174255,0.192529229720016,-1.08574134952482,-0.251365855279413,28.626828286769207,0.609112256607068,7.66,0.2859833333333333,6.003,87.5,17.78333333333333,1.221555,0.037886382426596185,0.0068092294944459356
Stortjaern,Spring,F,11,phyto,Stortjaern_Spring_F_11_phyto,0.7268401019297757,23.166666666666668,7.178704296222872,0.467963615653958,0.214858375508876,-0.103136340097154,-0.0353621128004076,NA,NA,13.613333333333333,0.34358,17.36,66,17.426666666666666,0.261885,0.02477724186019793,0.00921709780451843
Stortjaern,Spring,F,11,zoopl,Stortjaern_Spring_F_11_zoopl,0.13338747496363512,4.166666666666667,1.2757290825050167,-1.26184278028489,-5.2026750936372,1.6871257573407,-0.509205421111828,3.0809484502803524,0.941268021379289,13.613333333333333,0.34358,17.36,66,17.426666666666666,0.261885,0.02477724186019793,0.00921709780451843
Stortjaern,Spring,F,13,phyto,Stortjaern_Spring_F_13_phyto,0.7297576250705635,21.666666666666668,6.89112323893358,0.467963615653958,0.471005505391577,0.0322662973021002,-0.0765598697150521,NA,NA,13.915,0.3359666666666667,15.63,75,17.276666666666667,0.257145,0.024122958253248405,0.008273322422258592
Stortjaern,Spring,F,13,zoopl,Stortjaern_Spring_F_13_zoopl,0.3124299383320547,4.833333333333333,1.455981308114455,-0.892324022112747,-0.645968603420247,-0.2222760562541,-0.73993103983836,2.4988696659642833,0.467271909275116,13.915,0.3359666666666667,15.63,75,17.276666666666667,0.257145,0.024122958253248405,0.008273322422258592
Stortjaern,Spring,F,2,phyto,Stortjaern_Spring_F_2_phyto,0.7385472873402162,20.4,7.0097702908277615,-0.0581294802428213,-0.779710178717334,0.330527291584282,-0.0167266334828198,NA,NA,13.995000000000001,0.3339833333333333,17.4,48.5,17.033333333333335,0.21098999999999998,0.024242645949391333,0.012862770019488969
Stortjaern,Spring,F,2,zoopl,Stortjaern_Spring_F_2_zoopl,0.2654049555312453,4.333333333333333,1.5536311632958784,-0.838076952141425,-1.60938755936412,0.036619404416053,-0.72107314745136,1.9036588706177264,1.01580068047505,13.995000000000001,0.3339833333333333,17.4,48.5,17.033333333333335,0.21098999999999998,0.024242645949391333,0.012862770019488969
Stortjaern,Spring,F,8,phyto,Stortjaern_Spring_F_8_phyto,0.7840247658565503,19.166666666666668,7.103281441972685,-0.175221205080122,0.471005505391577,0.60839451447311,-0.0458358218936574,NA,NA,14.086666666666666,0.33018,17.615,75.5,17.133333333333333,0.254595,0.02433676381320651,0.00984992425272077
Stortjaern,Spring,F,8,zoopl,Stortjaern_Spring_F_8_zoopl,0.36557770972225534,5.333333333333333,1.8288220209420216,-2.25067960612561,-0.281023042152708,-0.599479893502241,-0.787937440368647,4.592457379585025,1.01698160364141,14.086666666666666,0.33018,17.615,75.5,17.133333333333333,0.254595,0.02433676381320651,0.00984992425272077
Stortjaern,Spring,FS,15,phyto,Stortjaern_Spring_FS_15_phyto,0.7571473263713503,18.333333333333332,6.729538173350086,-0.181374544724716,0.21257273278817,0.498745096138223,-0.066771564800444,NA,NA,14.368333333333332,0.3309666666666667,15.56,45.5,17.566666666666666,0.30294,0.022947332386894295,0.00791855583543241
Stortjaern,Spring,FS,15,zoopl,Stortjaern_Spring_FS_15_zoopl,0.210099920038253,4.333333333333333,1.2667961289378518,-0.829976767624454,-2.90340673721533,1.02126790486048,-0.618837064752679,1.110241062783173,0.331704504355068,14.368333333333332,0.3309666666666667,15.56,45.5,17.566666666666666,0.30294,0.022947332386894295,0.00791855583543241
Stortjaern,Spring,FS,4,phyto,Stortjaern_Spring_FS_4_phyto,0.7736694549433532,19.666666666666668,7.493123832669934,-1.73861943905427,-0.779710178717334,-0.975485474573228,-0.332423860163589,NA,NA,13.976666666666667,0.3192333333333333,17.32,32,17.400000000000002,0.159975,0.022885872733811277,0.009484086107861795
Stortjaern,Spring,FS,4,zoopl,Stortjaern_Spring_FS_4_zoopl,0.28422077031960874,3.1666666666666665,1.351420518349375,-0.759638765672393,-3.08463183899788,1.26632761666146,-1.0267705276847,0.7115832746085861,0.152,13.976666666666667,0.3192333333333333,17.32,32,17.400000000000002,0.159975,0.022885872733811277,0.009484086107861795
Stortjaern,Spring,FS,6,phyto,Stortjaern_Spring_FS_6_phyto,0.7491595095312933,21,7.501485579353441,0.467963615653958,0.471005505391577,0.0322662973021002,-0.0168305089992692,NA,NA,13.873333333333333,0.33306,16.635,40.5,17.466666666666665,0.290145,0.024169747542666348,0.00865511726827381
Stortjaern,Spring,FS,6,zoopl,Stortjaern_Spring_FS_6_zoopl,0.39594006134297777,3.3333333333333335,1.7413951192712118,-1.47995916163864,-5.22254163626388,2.06277308783723,-0.10567206660674,0.2909802807480645,0.188672321637741,13.873333333333333,0.33306,16.635,40.5,17.466666666666665,0.290145,0.024169747542666348,0.00865511726827381
Stortjaern,Spring,FS,9,phyto,Stortjaern_Spring_FS_9_phyto,0.7452178370866174,23.666666666666668,7.504645025732368,-1.73861943905427,0.214858375508876,1.47655941336359,-0.234828978800756,NA,NA,14.693333333333333,0.34802,17.21,30.5,17.433333333333334,0.17543999999999998,0.024556205015885547,0.008333939525658703
Stortjaern,Spring,FS,9,zoopl,Stortjaern_Spring_FS_9_zoopl,0.26194476476300177,5,1.5076419434988166,-1.712034346083,-0.860475604079007,0.553308893587299,-0.886551816604113,3.9153018771217467,0.806425140495225,14.693333333333333,0.34802,17.21,30.5,17.433333333333334,0.17543999999999998,0.024556205015885547,0.008333939525658703
Stortjaern,Spring,S,12,phyto,Stortjaern_Spring_S_12_phyto,0.763353803124299,18.333333333333332,6.304943258429585,NA,0.214858375508876,-3.24393859173334,-0.536602427849452,NA,NA,12.968333333333334,0.33146,17.57,29.5,17.61,NA,0.025437430420808243,0.009596385196351158
Stortjaern,Spring,S,12,zoopl,Stortjaern_Spring_S_12_zoopl,0.5406676796937708,6,2.422078333934428,0.923424710585261,0.0271106902952016,0.722011527771592,-0.473987198690638,6.455628996424465,0.558882055734779,12.968333333333334,0.33146,17.57,29.5,17.61,NA,0.025437430420808243,0.009596385196351158
Stortjaern,Spring,S,14,phyto,Stortjaern_Spring_S_14_phyto,0.7340640392758027,22.666666666666668,7.328226351027965,NA,-0.779710178717334,0.525343584032356,-0.0595999172543646,NA,NA,13.006666666666666,0.31362,17.31,26.5,17.566666666666666,0.14001,0.02436309336680216,0.008837577864696508
Stortjaern,Spring,S,14,zoopl,Stortjaern_Spring_S_14_zoopl,0.408114440314443,4.666666666666667,1.881520486719255,-1.11335666274979,-0.340763802809165,0.49789213153584,-0.603378214284998,2.0628623221992854,0.174578989296263,13.006666666666666,0.31362,17.31,26.5,17.566666666666666,0.14001,0.02436309336680216,0.008837577864696508
Stortjaern,Spring,S,3,phyto,Stortjaern_Spring_S_3_phyto,0.7512507866086591,20.333333333333332,7.617974894576259,NA,-0.1978945363563,0.549306799796529,-0.0344809526872285,NA,NA,13.6,0.30610000000000004,17.255000000000003,26.5,17.366666666666667,0.219165,0.022657982090122347,0.010027758051714776
Stortjaern,Spring,S,3,zoopl,Stortjaern_Spring_S_3_zoopl,0.416515642343841,5.333333333333333,1.8919353539731216,0.715568011901756,-1.42832788248662,0.961102547418811,-0.994135400019701,6.742427840581644,0.342953950597092,13.6,0.30610000000000004,17.255000000000003,26.5,17.366666666666667,0.219165,0.022657982090122347,0.010027758051714776
Stortjaern,Spring,S,5,phyto,Stortjaern_Spring_S_5_phyto,0.741099812648763,20,6.783426424529432,NA,0.167524169657444,-0.68552865011172,-0.186213163012354,NA,NA,11.915,0.3012,17.349999999999998,30,17.599999999999998,0.20612999999999998,0.025163987391365338,0.010904686541528647
Stortjaern,Spring,S,5,zoopl,Stortjaern_Spring_S_5_zoopl,0.3550648721792913,5,1.9171659214473034,-1.01918831914828,-0.746678605256332,-0.313115859870194,-0.190971392868806,3.3572513466257616,0.47084182348797,11.915,0.3012,17.349999999999998,30,17.599999999999998,0.20612999999999998,0.025163987391365338,0.010904686541528647
Stortjaern,Summer,F,11,phyto,Stortjaern_Summer_F_11_phyto,0.6092039503269235,15,3.53433045966599,1.55724489432955,0.0840162755077109,-0.818791211608263,-0.166076785336875,NA,NA,11.893333333333333,0.34432052483438014,18.18,54.75,12.108333333333334,0.1422,0.029616230727446097,0.020673852485618288
Stortjaern,Summer,F,11,zoopl,Stortjaern_Summer_F_11_zoopl,0.47433539751499354,6.333333333333333,2.13459502232029,-0.500064328578936,-0.892752069824688,0.51254432351781,-0.408088375628641,23.220634224969473,0.571528249382213,11.893333333333333,0.34432052483438014,18.18,54.75,12.108333333333334,0.1422,0.029616230727446097,0.020673852485618288
Stortjaern,Summer,F,13,phyto,Stortjaern_Summer_F_13_phyto,0.6492124268681262,27.5,5.236013029893005,2.55181344855576,0.0894878295488488,-1.50244772022386,-0.439272313718949,NA,NA,12.53,0.3595162324511723,17.88,18,12.141666666666667,0.17798999999999998,0.028715471759725275,0.013653488994889149
Stortjaern,Summer,F,13,zoopl,Stortjaern_Summer_F_13_zoopl,0.5701053475308413,5,2.4079314503744,-0.0862938517950115,-1.29331930607346,1.23361783721826,-0.0757919978949686,19.84290692584806,0.439308294503176,12.53,0.3595162324511723,17.88,18,12.141666666666667,0.17798999999999998,0.028715471759725275,0.013653488994889149
Stortjaern,Summer,F,2,phyto,Stortjaern_Summer_F_2_phyto,0.746102585898613,11.5,4.2803105016057215,1.55724489432955,-0.0337572349330457,1.1914449262598,-0.217630845458569,NA,NA,12.09,0.35913172519136366,17.945,25,12.033333333333333,0.07608,0.02993195537380819,0.015366406354698407
Stortjaern,Summer,F,2,zoopl,Stortjaern_Summer_F_2_zoopl,0.5449679344993051,5.5,2.560368307487668,-1.28048999259366,-2.0424341068341,0.669832845055233,-0.205319185921936,8.672681179514917,0.47745731569728,12.09,0.35913172519136366,17.945,25,12.033333333333333,0.07608,0.02993195537380819,0.015366406354698407
Stortjaern,Summer,F,8,phyto,Stortjaern_Summer_F_8_phyto,0.6324988841969312,19.6,4.457912941749178,2.13906053669058,-1.5910021292626,2.12306372757197,-0.297983258310688,NA,NA,12.483333333333334,0.36385463220402964,18.075000000000003,36.75,12.108333333333334,0.13758,0.02937349944751252,0.013644155380506645
Stortjaern,Summer,F,8,zoopl,Stortjaern_Summer_F_8_zoopl,0.48372212128959136,6.333333333333333,2.0245151848350265,-0.11115840213116,-0.508552385977783,0.472647009781872,-0.0209889974128549,32.8182301798879,0.463376806692064,12.483333333333334,0.36385463220402964,18.075000000000003,36.75,12.108333333333334,0.13758,0.02937349944751252,0.013644155380506645
Stortjaern,Summer,FS,15,phyto,Stortjaern_Summer_FS_15_phyto,0.657289787750881,19.166666666666668,4.450664302066039,1.55724489432955,0.0840162755077109,-0.911986228153201,-0.352045264876835,NA,NA,11.796666666666667,0.3686863814231283,17.939999999999998,2,12.266666666666666,0.21111,0.03130543571085051,0.014463113278971342
Stortjaern,Summer,FS,15,zoopl,Stortjaern_Summer_FS_15_zoopl,0.45415559615573114,5,1.9722411635964416,-0.850105570304237,-1.80633203947927,0.935546370768417,-0.390726523559572,12.467451498092535,0.447072550036313,11.796666666666667,0.3686863814231283,17.939999999999998,2,12.266666666666666,0.21111,0.03130543571085051,0.014463113278971342
Stortjaern,Summer,FS,4,phyto,Stortjaern_Summer_FS_4_phyto,0.69899674482911,15.166666666666666,4.456132903862292,-0.0297296874681187,0.615580925445628,0.647874253879763,-0.121165544342248,NA,NA,11.768333333333334,0.36505141077129016,18.115000000000002,19.25,12.183333333333334,0.11151,0.031150503851613547,0.014227855477855478
Stortjaern,Summer,FS,4,zoopl,Stortjaern_Summer_FS_4_zoopl,0.5621851780775495,5.5,2.3612905534300817,-1.38632340737779,-2.13647934866763,0.250373119427705,-0.0410251746151239,9.728149021432435,0.464884911265623,11.768333333333334,0.36505141077129016,18.115000000000002,19.25,12.183333333333334,0.11151,0.031150503851613547,0.014227855477855478
Stortjaern,Summer,FS,6,phyto,Stortjaern_Summer_FS_6_phyto,0.6547267432080215,17.166666666666668,3.7590817966682466,1.43075496788694,0.0840162755077109,-0.725153224243237,-0.380524599388699,NA,NA,11.403333333333332,0.3768661843957025,18.174999999999997,20.6,11.408333333333333,0.122475,0.03320200330837399,0.015470720594725297
Stortjaern,Summer,FS,6,zoopl,Stortjaern_Summer_FS_6_zoopl,0.5317273082088524,5.333333333333333,2.2633898474050236,-1.9244864432159,-2.26837162786978,0.038978058604432,-0.0187626274411923,9.717637888080946,0.469281722057319,11.403333333333332,0.3768661843957025,18.174999999999997,20.6,11.408333333333333,0.122475,0.03320200330837399,0.015470720594725297
Stortjaern,Summer,FS,9,phyto,Stortjaern_Summer_FS_9_phyto,0.6264019611858561,17.333333333333332,4.328101451959761,1.42372574827752,0.615580925445628,-0.752854720649667,-0.0222028409358791,NA,NA,12.09,0.3610224556345038,18.15,21.5,12.233333333333333,0.10665,0.029961482924214147,0.012986198455239946
Stortjaern,Summer,FS,9,zoopl,Stortjaern_Summer_FS_9_zoopl,0.48045802645098284,5,1.9995879024443233,-0.651722402836382,-1.91302906478041,0.988508680952551,-0.398079949685977,16.356472511442135,0.536073269983089,12.09,0.3610224556345038,18.15,21.5,12.233333333333333,0.10665,0.029961482924214147,0.012986198455239946
Stortjaern,Summer,S,12,phyto,Stortjaern_Summer_S_12_phyto,0.6004535528377453,15.25,3.4252214187500925,1.55724489432955,-0.0337572349330457,0.975434036897357,-0.313805125231053,NA,NA,9.843333333333334,0.3561981893385507,18.415,18.666666666666668,12.238333333333333,NA,0.036665158164455286,0.01726473131339584
Stortjaern,Summer,S,12,zoopl,Stortjaern_Summer_S_12_zoopl,0.420188944830368,5.833333333333333,1.7566138172710766,0.0309985505229507,0.157657879000274,-0.0715470082837966,-0.302065375801901,45.48129464803577,0.666168581794156,9.843333333333334,0.3561981893385507,18.415,18.666666666666668,12.238333333333333,NA,0.036665158164455286,0.01726473131339584
Stortjaern,Summer,S,14,phyto,Stortjaern_Summer_S_14_phyto,0.6688884306146208,18.25,4.3785524774756475,NA,-1.5910021292626,-0.588583901572686,-0.547112425606663,NA,NA,9.995,0.35492349054337013,17.945,1,12.238333333333333,NA,0.03554100979264124,0.017155966195761856
Stortjaern,Summer,S,14,zoopl,Stortjaern_Summer_S_14_zoopl,0.41977886199745035,6,1.8111947854796333,-0.716938025623042,0.320243071984378,-0.603956114089046,-0.299446602438553,32.876436422996655,0.469413865569593,9.995,0.35492349054337013,17.945,1,12.238333333333333,NA,0.03554100979264124,0.017155966195761856
Stortjaern,Summer,S,3,phyto,Stortjaern_Summer_S_3_phyto,0.7654220784147846,12.6,4.92101324524804,1.42372574827752,0.548058407427989,0.943725858101274,-0.556391657083858,NA,NA,10.261666666666667,0.34800326090687517,18.185000000000002,26.25,12.183333333333334,0.086565,0.03386738072463801,0.015426257104027674
Stortjaern,Summer,S,3,zoopl,Stortjaern_Summer_S_3_zoopl,0.4011909603835165,5.5,1.6334496537756218,-0.827642946890061,0.156311158108814,-0.547119574291692,-0.236236300977899,33.731794530406084,0.413100799495707,10.261666666666667,0.34800326090687517,18.185000000000002,26.25,12.183333333333334,0.086565,0.03386738072463801,0.015426257104027674
Stortjaern,Summer,S,5,phyto,Stortjaern_Summer_S_5_phyto,0.6724412939476898,15.333333333333334,4.000824269750439,1.42372574827752,-0.0276038952884521,1.24664881034573,-0.18929862404842,NA,NA,10.086666666666666,0.3542142587443792,18.07,29.5,12.2,0.10457999999999999,0.03505893239983375,0.017883392127996445
Stortjaern,Summer,S,5,zoopl,Stortjaern_Summer_S_5_zoopl,0.4564583940933217,6,1.7933511949941168,-0.258122286841129,0.114178450752667,-0.205960217020845,-0.0185591568289479,33.48429562515084,0.481657477580402,10.086666666666666,0.3542142587443792,18.07,29.5,12.2,0.10457999999999999,0.03505893239983375,0.017883392127996445
